<?xml version="1.0" encoding="utf-8"?>
<resources>
	<!-- home___s1 colors -->

	<color name="colorPrimary">#008577</color>
	<color name="colorPrimaryDark">#00574B</color>
	<color name="colorAccent">#D81B60</color>
	<color name="purple_200">#FFBB86FC</color>
	<color name="purple_500">#FF6200EE</color>
	<color name="purple_700">#FF3700B3</color>
	<color name="teal_200">#FF03DAC5</color>
	<color name="teal_700">#FF018786</color>
	<color name="black">#FF000000</color>
	<color name="white">#FFFFFFFF</color>

	<color name="_bg__home___s1_ek2_color">#0E335A</color>
	<color name="saf_color">#000000</color>
	<color name="powered_by_imperial_color">#FFB600</color>
	<color name="which_building_do_you_want_to_go_to__color">#E0E0E0</color>
</resources>