<?xml version="1.0" encoding="utf-8"?>
<resources>
	<!-- home___s1 strings -->

	<string name="app_name">Page 1</string>
	<string name="ek_img_content">ExportKit Image</string>
	<string name="saf_string">SAF</string>
	<string name="acex_string">ACEX</string>
	<string name="skem_string">Skem</string>
	<string name="chem_string">Chem </string>
	<string name="rsm_string">RSM</string>
	<string name="eee_string">EEE</string>
	<string name="powered_by_imperial_string">Powered by Imperial</string>
	<string name="which_building_do_you_want_to_go_to__string">Which building do you want to go to?</string>
	<string name="navi_string">NAVI</string>
</resources>